{
    "m_Version": 7,
    "SpawnLocations": [
        {
            "Name": "Zayda",
            "Positions": [
                [
                    1157.18359375,
                    295.10699462890627,
                    1839.618896484375
                ],
                [
                    1055.5513916015626,
                    293.2439880371094,
                    1915.1461181640626
                ],
                [
                    1269.043701171875,
                    309.2969970703125,
                    1968.9652099609376
                ],
                [
                    1413.7618408203126,
                    336.5840148925781,
                    1966.6842041015626
                ],
                [
                    1559.747314453125,
                    362.3190002441406,
                    1903.829345703125
                ],
                [
                    1643.63818359375,
                    401.9169921875,
                    1770.0093994140626
                ],
                [
                    1215.31298828125,
                    293.68798828125,
                    1898.760498046875
                ],
                [
                    1638.0623779296876,
                    371.1830139160156,
                    1948.43603515625
                ],
                [
                    1770.18359375,
                    520.1190185546875,
                    1554.382568359375
                ],
                [
                    833.7537231445313,
                    270.5469970703125,
                    2201.28759765625
                ],
                [
                    724.8507690429688,
                    259.77398681640627,
                    2318.11083984375
                ],
                [
                    803.557861328125,
                    282.87701416015627,
                    2178.51708984375
                ],
                [
                    1108.521728515625,
                    0.0,
                    1808.6983642578126
                ],
                [
                    1497.1458740234376,
                    0.0,
                    1951.7308349609376
                ],
                [
                    960.4771118164063,
                    0.0,
                    2022.5877685546876
                ],
                [
                    1344.06396484375,
                    0.0,
                    1994.3099365234376
                ],
                [
                    1593.7091064453126,
                    0.0,
                    1845.283203125
                ],
                [
                    641.6884765625,
                    0.0,
                    2379.987548828125
                ],
                [
                    795.1426391601563,
                    0.0,
                    2259.2041015625
                ],
                [
                    604.7767333984375,
                    0.0,
                    2427.29248046875
                ],
                [
                    553.2757568359375,
                    0.0,
                    2488.6552734375
                ],
                [
                    1093.22119140625,
                    0.0,
                    1717.3134765625
                ],
                [
                    1023.5512084960938,
                    0.0,
                    2634.766357421875
                ],
                [
                    974.7413940429688,
                    0.0,
                    2618.2158203125
                ],
                [
                    525.881591796875,
                    0.0,
                    2544.539306640625
                ],
                [
                    1111.599365234375,
                    0.0,
                    2581.27978515625
                ],
                [
                    1353.106201171875,
                    0.0,
                    2998.109130859375
                ],
                [
                    1356.22509765625,
                    0.0,
                    2412.2451171875
                ],
                [
                    1616.7685546875,
                    0.0,
                    2333.02734375
                ],
                [
                    1498.858154296875,
                    0.0,
                    1714.868408203125
                ],
                [
                    1509.947998046875,
                    0.0,
                    2388.681884765625
                ],
                [
                    1367.132080078125,
                    0.0,
                    2747.39794921875
                ],
                [
                    1865.6424560546876,
                    0.0,
                    2394.96533203125
                ],
                [
                    1735.258544921875,
                    0.0,
                    2368.93359375
                ],
                [
                    1343.9017333984376,
                    0.0,
                    2662.366455078125
                ],
                [
                    1428.9349365234376,
                    0.0,
                    2416.060302734375
                ],
                [
                    1212.731689453125,
                    0.0,
                    1596.350341796875
                ],
                [
                    1173.8388671875,
                    0.0,
                    2575.1435546875
                ],
                [
                    1415.7552490234376,
                    0.0,
                    1659.1158447265626
                ],
                [
                    1460.4913330078126,
                    0.0,
                    3026.160888671875
                ],
                [
                    1380.28125,
                    0.0,
                    2849.5234375
                ],
                [
                    1384.2259521484376,
                    0.0,
                    2949.01904296875
                ],
                [
                    1314.5352783203126,
                    0.0,
                    2619.850830078125
                ],
                [
                    1239.146484375,
                    0.0,
                    2616.782470703125
                ],
                [
                    1261.1207275390626,
                    0.0,
                    1749.231689453125
                ],
                [
                    1142.251953125,
                    0.0,
                    1656.661376953125
                ],
                [
                    1580.6380615234376,
                    0.0,
                    2347.6142578125
                ],
                [
                    1387.732421875,
                    0.0,
                    3054.65087890625
                ],
                [
                    1019.343505859375,
                    0.0,
                    2705.73681640625
                ],
                [
                    1321.431640625,
                    0.0,
                    1608.6229248046876
                ]
            ],
            "UseCooldown": 1
        },
        {
            "Name": "Al Badair",